vendorId;vendorName;deleted;;;;;;;
1;3M;Health;Information;Systems;0;;;;
2;4Medica;0;;;;;;;
3;A2iA;Corp.;0;;;;;;
4;AbbVie;0;;;;;;;
5;ABEL;MEDICAL;0;;;;;;
6;abeo;Management;Corp;0;;;;;
7;ABRAXAS;MERGE;ICONNECT;0;;;;;
8;ACA;International;0;;;;;;
9;Acaveo;0;;;;;;;
10;AccentCare;0;;;;;;;
11;Accenture;0;;;;;;;
12;Access;0;;;;;;;
13;Accordant,;A;CVS;Caremark;Company;;0;;
14;Accretive;Health;;0;;;;;
15;Accruent;0;;;;;;;
16;AccuReg;Software;;0;;;;;
17;Accusoft;0;;;;;;;
18;Acrendo;0;;;;;;;
19;Acryness,;Inc.;0;;;;;;
20;Active;Navigation,;Inc.;0;;;;;
21;ActualMeds;0;;;;;;;
22;ACUPERA;0;;;;;;;
23;Acusis;;0;;;;;;
24;Add-On;Data;0;;;;;;
25;ADLINK;Technology,;Inc.;0;;;;;
26;ADP;-0;Automatic;Data;Processing;0;;;
27;ADP;AdvancedMD;;0;;;;;
28;Adreima;0;;;;;;;
29;ADSC;MEDICSDOCASSISTANT;0;;;;;;
30;ADVANACHART;0;;;;;;;
31;Advanced;ICU;Care;0;;;;;
32;Advanced;Patient;Advocacy;0;;;;;
33;Advantech;0;;;;;;;
34;Advisory;Board;Company;0;;;;;
35;Aegis;0;;;;;;;
36;Aetna;;0;;;;;;
37;Agfa;Healthcare;0;;;;;;
38;AHMS;0;;;;;;;
39;AirStrip;0;;;;;;;
40;Alego;Health;0;;;;;;
41;Alere;Health;0;;;;;;
42;ALERT;EHR;0;;;;;;
43;Allgood;Professional;Services,;LLC;0;;;;
44;Allina;Health;0;;;;;;
45;Allmeds;0;;;;;;;
46;Allscripts;;0;;;;;;
47;Alsbridge;0;;;;;;;
48;Altegra;Health;;0;;;;;
49;Altius;Healthcare;Consulting;Group;0;;;;
50;Altus;Incorporated;0;;;;;;
51;Amazing;Charts;;0;;;;;
52;Amazon;Web;Services;0;;;;;
53;Ambir;Technology;Inc.;0;;;;;
54;AMC;Health;0;;;;;;
55;American;Express;0;;;;;;
56;American;Messaging;0;;;;;;
57;American;Well;0;;;;;;
58;Amerinet,;Inc.;0;;;;;;
59;Amico;Accessories;Inc;0;;;;;
60;analyticsMD;0;;;;;;;
61;ANASAZI;0;;;;;;;
62;Ancila;Health;Information;Systems,;LLC;0;;;
63;Angiology;Corporation;of;America;0;;;;
64;Anthelio;Healthcare;;0;;;;;
65;Anthem;0;;;;;;;
66;Anton/Bauer;0;;;;;;;
67;Aon;Hewitt;;0;;;;;
68;Apelon,;Inc.;0;;;;;;
69;Apervita;Inc;0;;;;;;
70;Apex;Systems;0;;;;;;
71;API;Healthcare;;0;;;;;
72;Apollo;Medical;Management;0;;;;;
73;Appian;0;;;;;;;
74;Apple;0;;;;;;;
75;Applied;Informatics;0;;;;;;
76;Applied;Pathways;0;;;;;;
77;Applied;Pilotfish;Healthcare;Integration;0;;;;
78;AppSense;0;;;;;;;
79;Appstem;0;;;;;;;
80;Aprima;;0;;;;;;
81;Aptus;Health;0;;;;;;
82;Aramark;0;;;;;;;
83;ArborMetrix,;Inc.;0;;;;;;
84;ARC;Healthcare;Technologies;0;;;;;
85;Arcadia;Healthcare;Solutions;0;;;;;
86;ARGO;0;;;;;;;
87;Arista;Corporation;0;;;;;;
88;Aristo;0;;;;;;;
89;ARMCO;Partners;0;;;;;;
90;Armor;0;;;;;;;
91;Artificial;Medical;Intelligence,;Inc.;0;;;;
92;Ascendian;Healthcare;Consulting;0;;;;;
93;Ascom;(US);Inc.;0;;;;;
94;Aspen;Advisors;;0;;;;;
95;Aspyra;;0;;;;;;
96;Asset;Services,;Inc.;0;;;;;
97;AssetWorks;;0;;;;;;
98;AT&T;0;;;;;;;
99;athenahealth,;Inc.;0;;;;;;
100;Attivo;Networks;0;;;;;;
101;Aurotech;Corp;0;;;;;;
102;Avadyne;Health;0;;;;;;
103;Availity;;0;;;;;;
104;Avantas;;0;;;;;;
105;Avectus;Healthcare;Solutions;0;;;;;
106;Aver;Inc;0;;;;;;
107;Aviacode;0;;;;;;;
108;Awarepoint;;0;;;;;;
109;Ayasdi;0;;;;;;;
110;AYM;TECHNOLOGIES;ONTARGET;0;;;;;
111;AZALEA;HEALTH;0;;;;;;
112;B.;Braun;;0;;;;;
113;Bantec;;0;;;;;;
114;Barco,;Inc.;0;;;;;;
115;BaseHealth;0;;;;;;;
116;Battelle;0;;;;;;;
117;Baxter;Healthcare;;0;;;;;
118;Bayer;Healthcare;0;;;;;;
119;BBVA;Compass;0;;;;;;
120;BD;Medical;0;;;;;;
121;BDO;USA;;0;;;;;
122;Beacon;Partners;0;;;;;;
123;Beacon;Partners;;0;;;;;
124;Beckman;Coulter;0;;;;;;
125;Becton;Dickinson;0;;;;;;
126;BENCHMARK;0;;;;;;;
127;Berg;Analytics;;0;;;;;
128;Berkeley;Research;Group,;LLC;0;;;;
129;BerryDunn;0;;;;;;;
130;Besler;Consulting;0;;;;;;
131;BEWATEC;0;;;;;;;
132;Billian's;HealthDATA;0;;;;;;
133;Bisk;Education;0;;;;;;
134;Bitglass;0;;;;;;;
135;Bizmatics;;0;;;;;;
136;BIZMATICS;PROGNOCIS;0;;;;;;
137;BKD;;0;;;;;;
138;BKD,;LLP;0;;;;;;
139;Black;Box;Network;Services;0;;;;
140;Blue;Coat;Systems,;Inc.;0;;;;
141;Blue;Jay;Consulting,;LLC;0;;;;
142;Bluebird;Inc.;0;;;;;;
143;Bluefin;Payment;Systems;0;;;;;
144;BluePrint;Healthcare;IT;0;;;;;
145;BlueTree;Network;;0;;;;;
146;BlueTree;Network,;Inc.;0;;;;;
147;BNY;Mellon;0;;;;;;
148;Boardeffect;0;;;;;;;
149;Booth;;0;;;;;;
150;Booz;Allen;Hamilton;0;;;;;
151;Borda;Technology;0;;;;;;
152;Boston;Scientific;0;;;;;;
153;Bottomline;Technologies;0;;;;;;
154;Box;0;;;;;;;
155;BPM;Northwest;0;;;;;;
156;Bridgehead;Software,;Inc.;0;;;;;
157;Brocade;Communication;System,;Inc.;0;;;;
158;Brother;Mobile;Solutions;0;;;;;
159;Burgess;0;;;;;;;
160;Byte;Sized;Solutions;0;;;;;
161;ByteGrid;0;;;;;;;
162;CA;Technologies;0;;;;;;
163;CACI;International;Inc;0;;;;;
164;Calpion;0;;;;;;;
165;Camino;Information;Services;0;;;;;
166;Canon;USA,;Inc.;0;;;;;
167;Capgemini;0;;;;;;;
168;Capio;Partners;0;;;;;;
169;Capsa;Solutions;0;;;;;;
170;Capsicohealth,;Inc;0;;;;;;
171;Capsule;Tech,;Inc;0;;;;;
172;CaptureProof;0;;;;;;;
173;CAQH;0;;;;;;;
174;Caradigm;0;;;;;;;
175;Cardinal;Health;;0;;;;;
176;Cardon;Outreach;0;;;;;;
177;Care;Evolution;0;;;;;;
178;Care;Innovations™,;an;Intel-GE;Company;;0;;
179;Carebox;0;;;;;;;
180;CareCloud;0;;;;;;;
181;CareDox;0;;;;;;;
182;CareFusion;0;;;;;;;
183;Caremerge;0;;;;;;;
184;CarePayment;0;;;;;;;
185;CareSkore;0;;;;;;;
186;Carestream;Health,;Inc.;0;;;;;
187;CareSync;0;;;;;;;
188;CareTech;Solutions;0;;;;;;
189;CareTracker,;Inc.;0;;;;;;
190;Careview;Communications,;Inc.;0;;;;;
191;Carlson;Management;Consulting;0;;;;;
192;Case;Management;Covenants;0;;;;;
193;Cavanaugh;Consulting;Group;0;;;;;
194;CBCS;0;;;;;;;
195;CBIZ-KA;Consulting;Services,;LLC;0;;;;
196;CDW;Healthcare;0;;;;;;
197;Cedar;Financial;0;;;;;;
198;CenterX;0;;;;;;;
199;CenTrak,;Inc.;0;;;;;;
200;CENTRIHEALTH;0;;;;;;;
201;Cerner;0;;;;;;;
202;CERTICON;A.S.;0;;;;;;
203;CERTIFY;Global;0;;;;;;
204;CES;USA,;Inc;0;;;;;
205;CGI;0;;;;;;;
206;CHADIS;;0;;;;;;
207;Change;Healthcare;0;;;;;;
208;CHARTLOGIC;0;;;;;;;
209;CHARTPLUS;0;;;;;;;
210;ChartWise;;0;;;;;;
211;Chenoa;Information;Services;0;;;;;
212;Cherwell;Software;0;;;;;;
213;Chetu,;Inc.;0;;;;;;
214;ChipSoft;0;;;;;;;
215;Ciber;0;;;;;;;
216;CIGNA;HealthCare;CareAllies;;0;;;;
217;CIOX;Health;0;;;;;;
218;CipherHealth,;LLC;0;;;;;;
219;Cirius;Group,;Inc.;0;;;;;
220;CirrusMD;Inc.;0;;;;;;
221;Cisco;Systems,;Inc.;0;;;;;
222;Citadel;Outsource;Group;;0;;;;
223;CitiusTech;0;;;;;;;
224;Citra;Health;Solutions;0;;;;;
225;Citrix;;0;;;;;;
226;ClaimRemedi;0;;;;;;;
227;ClaimTECH;Solutions;Company;0;;;;;
228;ClearBalance;0;;;;;;;
229;ClearData;;0;;;;;;
230;Cleverley;0;Associates;0;;;;;
231;Client;Financial;Services;-0;CFS;0;;;
232;Client;Outlook;Inc.;0;;;;;
233;Clinerion;0;;;;;;;
234;Clinical;Architecture,;LLC;0;;;;;
235;Clinicloud;0;;;;;;;
236;CLINICMAX;0;;;;;;;
237;CliniComp,;Intl.;0;;;;;;
238;ClinicSpectrum;Inc.;0;;;;;;
239;Clinigence,;LLC;0;;;;;;
240;ClinNext;0;;;;;;;
241;Clinovations;;0;;;;;;
242;Cloudbakers;0;;;;;;;
243;Cloudera;0;;;;;;;
244;CloudMine,;Inc.;0;;;;;;
245;CloudWave;0;;;;;;;
246;CMT;0;;;;;;;
247;CoActiv;;0;;;;;;
248;Coalfire;0;;;;;;;
249;Code;Corporation;0;;;;;;
250;CognitiveScale;0;;;;;;;
251;Cognizant;;0;;;;;;
252;Cognosante;0;;;;;;;
253;Cohealo,;Inc.;0;;;;;;
254;Collibra;0;;;;;;;
255;Column;Technologies;0;;;;;;
256;Commerce;Bank;0;;;;;;
257;CommonWell;Health;Alliance;;0;;;;
258;CommVault;Americas;0;;;;;;
259;Companion;Data;Services;0;;;;;
260;Complete.Md;0;;;;;;;
261;CompliancePoint;0;;;;;;;
262;COMPUGROUP;0;;;;;;;
263;CompuGroup;Medical;;0;;;;;
264;COMPULINK;0;;;;;;;
265;Concur;Technologies;0;;;;;;
266;Conexus;Solutions,;LLC;0;;;;;
267;Conifer;Health;Solutions;0;;;;;
268;Connance,;Inc.;0;;;;;;
269;Connectria;Hosting;0;;;;;;
270;Connexall;0;;;;;;;
271;Connexient;0;;;;;;;
272;Conntek;Integrated;Solutions;Inc.;0;;;;
273;Consilink,;LLC;0;;;;;;
274;ContextMedia:Health;0;;;;;;;
275;Continua;Health;Alliance;0;;;;;
276;Contour;Design,;Inc.;0;;;;;
277;ConvergeHEALTH;by;Deloitte;0;;;;;
278;Convergent;;0;;;;;;
279;Convergys;0;;;;;;;
280;Conversa;Health;;0;;;;;
281;CORE;Business;Technologies;0;;;;;
282;Corepoint;Health;0;;;;;;
283;Coretek;Services;0;;;;;;
284;Cornerstone;Advisors;0;;;;;;
285;Cornerstone;OnDemand;0;;;;;;
286;CoverMyMeds;0;;;;;;;
287;Covidien;0;;;;;;;
288;Covisint;0;;;;;;;
289;CPSI;0;;;;;;;
290;Craneware;;0;;;;;;
291;Crimson;;0;;;;;;
292;Crowe;Horwath;;0;;;;;
293;Crowe;Horwath;/;CHAN;Healthcare;0;;;
294;CSC;0;;;;;;;
295;CSI;0;;;;;;;
296;CSS;HEALTH;CHARTSMART;0;;;;;
297;CTG;0;;;;;;;
298;CTS;Healthcare;Services;0;;;;;
299;Curaspan;0;;;;;;;
300;Curatio;0;;;;;;;
301;Cureatr;Inc.;0;;;;;;
302;CureMD;0;;;;;;;
303;CVS;Health;0;;;;;;
304;Cybage;Software,;Inc.;0;;;;;
305;CyberGRC;0;;;;;;;
306;Cybernet;0;;;;;;;
307;Cyberscience;Corporation;0;;;;;;
308;CYFLUENT;CYCHART;0;;;;;;
309;Cylance,;Inc.;0;;;;;;
310;Cymetrix;;0;;;;;;
311;CynergisTek;0;;;;;;;
312;DataArt;0;;;;;;;
313;DataCore;Software;0;;;;;;
314;DataFile;Technologies;0;;;;;;
315;Dataiku;0;;;;;;;
316;DataLocker;Inc.;0;;;;;;
317;Datalogic;ADC;0;;;;;;
318;Datalux;Corporation;0;;;;;;
319;Datamotion;0;;;;;;;
320;Datos;0;;;;;;;
321;DaVincian;Healthcare,;Inc.;0;;;;;
322;DB;Networks;0;;;;;;
323;dbMotion;Allscripts;;0;;;;;
324;DCS;Global;Systems,;Inc.;0;;;;
325;DecisionHealth;0;;;;;;;
326;Dell;0;;;;;;;
327;Deloitte;;0;;;;;;
328;Devicelock,;Inc.;0;;;;;;
329;DHG;Healthcare,;Dixon;Hughes;Goodman;0;;;
330;Diameter;Health;0;;;;;;
331;Diamond;Healthcare;Communications;0;;;;;
332;Dicom;Systems;0;;;;;;
333;Dictum;Health;0;;;;;;
334;Digicert,;Inc.;0;;;;;;
335;DIGICHART;0;;;;;;;
336;Digital;Guardian;0;;;;;;
337;Digital;Harbor;Inc.;0;;;;;
338;Dignity;Health;0;;;;;;
339;Dimension;Data;0;;;;;;
340;Dimensional;Insight;;0;;;;;
341;Dispersive;Technologies;0;;;;;;
342;DIVDAT;Healthcare;Solutions;0;;;;;
343;Divurgent;0;;;;;;;
344;Doc;Halo;0;;;;;;
345;Docsnap;0;;;;;;;
346;DOCTORSOFT;EHR;0;;;;;;
347;DocuTAP;;0;;;;;;
348;Dolbey;0;;;;;;;
349;Dorado;Systems;0;;;;;;
350;Draeger;Medical,;Inc.;0;;;;;
351;drchrono;;0;;;;;;
352;DrFirst;0;;;;;;;
353;DSS,;Inc.;0;;;;;;
354;DST;Health;;0;;;;;
355;Dulcian;Health;0;;;;;;
356;Dunn;Solutions;0;;;;;;
357;Duo;Security;0;;;;;;
358;Dyconn;0;;;;;;;
359;Dynamed;Solutions;;0;;;;;
360;Dynamic;Health;Strategies;0;;;;;
361;Ebix;0;;;;;;;
362;EBSCO;;0;;;;;;
363;ECG;Management;Consultants;;0;;;;
364;eClinicalWorks;0;;;;;;;
365;Eclipse;PPM;by;Upland;Software;0;;;
366;Edelberg;&;Associates;0;;;;;
367;Edifecs;;0;;;;;;
368;eHealth;Technologies;;0;;;;;
369;EHEALTHFILES;0;;;;;;;
370;Eide;Bailly;LLP;0;;;;;
371;Ekahau,;Inc.;0;;;;;;
372;Electronic;Payment;Exchange;(EPX);0;;;;
373;Elekta;;0;;;;;;
374;Element;Consulting;Group;0;;;;;
375;Eli;Lilly;and;Company;0;;;;
376;ELLKAY,;LLC;0;;;;;;
377;Elpas;0;;;;;;;
378;Elsevier;0;;;;;;;
379;Emanate;Wireless;0;;;;;;
380;EMC;0;;;;;;;
381;EmCare;Inc.;0;;;;;;
382;Emdeon;0;;;;;;;
383;e-MDs;0;;;;;;;
384;Emerge;CDS;0;;;;;;
385;emids;0;;;;;;;
386;Empower;Systems;;0;;;;;
387;EMR;CONNECT;0;;;;;;
388;EMRLOGIC;ACTIVEMR;0;;;;;;
389;EnableComp;0;;;;;;;
390;Encore,;A;Quintiles;Company;0;;;;
391;ENCOUNTERPRO;0;;;;;;;
392;Endosoft;0;;;;;;;
393;ENDOVAULT;0;;;;;;;
394;Enli;Health;Intelligence;0;;;;;
395;Enovate;Medical;0;;;;;;
396;ENSOFTEK;DRCLOUD;0;;;;;;
397;Entrada;0;;;;;;;
398;EOS;Healthcare;0;;;;;;
399;EPAM;Systems;0;;;;;;
400;ePAY;Healthcare,;LLC;0;;;;;
401;Epic;;0;;;;;;
402;Epiphany;Healthcare;;0;;;;;
403;EPOWERDOC;0;;;;;;;
404;Epson;America,;Inc.;0;;;;;
405;EQ;Health;Solutions;;0;;;;
406;Eqhealth;Solutions;0;;;;;;
407;Equicare;Health;Inc.;0;;;;;
408;eRAD;0;;;;;;;
409;Ergotron,;Inc.;0;;;;;;
410;Ernst;&;Young;0;;;;;
411;ERx360;&;Bay;Area;Emergency;Physicians;0;;
412;ESAC,;Inc.;0;;;;;;
413;ESD;0;;;;;;;
414;ESET;North;America;0;;;;;
415;eShields;Health,;Inc.;0;;;;;
416;Esignlive;0;;;;;;;
417;eSolutions,;Inc;0;;;;;;
418;Espy;Services,;Inc.;0;;;;;
419;Esri;0;;;;;;;
420;ETC;Hyperbarics;0;;;;;;
421;Etherfax,;LLC;0;;;;;;
422;Etransmedia;Technology,;Inc;0;;;;;
423;eTransX;Inc.;0;;;;;;
424;Evariant;0;;;;;;;
425;Everbridge;0;;;;;;;
426;eviCore;healthcare;0;;;;;;
427;Evident;0;;;;;;;
428;eVideon;0;;;;;;;
429;Evolent;Health;;0;;;;;
430;Exchangexl;0;;;;;;;
431;Excite;Health;Partners;0;;;;;
432;EXL;Services;;0;;;;;
433;Experian;Health/Passport;0;;;;;;
434;Expert;Global;Solutions;(EGS);0;;;;
435;Explorys,;an;IBM;Company;0;;;;
436;Express;Scripts;0;;;;;;
437;EXSCRIBE;0;;;;;;;
438;ExteNet;Systems,;Inc.;0;;;;;
439;Extension;Healthcare;0;;;;;;
440;ExtraHop;;0;;;;;;
441;ExtraHop;Networks;0;;;;;;
442;Extreme;Networks,;Inc.;0;;;;;
443;EYEFORMATICS;0;;;;;;;
444;ezDI,;A;venture;of;Mediscribes;Inc.;0;;
445;FairWarning;;0;;;;;;
446;Fidelis;Consulting,;LLC;0;;;;;
447;Find-A-Code;0;;;;;;;
448;FireEye,;Inc.;0;;;;;;
449;First;Analysis;Securities;Corporation;0;;;;
450;First;Databank;(FDB);0;;;;;
451;First;Healthcare;Compliance;0;;;;;
452;First;Healthcare;Products,;Inc.;0;;;;
453;FIRST;MEDICALS;SUITE;0;;;;;
454;FISCAL;Technologies;Inc.;0;;;;;
455;Fitango;Health,;Inc.;0;;;;;
456;Flash;Code;Solutions,;LLC;0;;;;
457;FlexPrint;0;;;;;;;
458;FMS;Inc.;0;;;;;;
459;FocusOne;0;;;;;;;
460;Fogo;Data;Centers;0;;;;;
461;Foliage;0;;;;;;;
462;FollowMe;By;Ringdale;0;;;;;
463;Forcepoint;0;;;;;;;
464;Forecast;Health;LLC;0;;;;;
465;FormFast,;Inc.;0;;;;;;
466;Fort;Hill;Associates,;LLC;0;;;;
467;Fortinet,;Inc.;0;;;;;;
468;Forward;Advantage;0;;;;;;
469;Forward;Health;Group;Inc.;0;;;;
470;FPL;FiberNet;0;;;;;;
471;Freedom;Imaging;Systems;0;;;;;
472;FTI;Catalyst;0;;;;;;
473;FUJIFILM;Medical;Systems;U.S.A.,;Inc.;0;;;
474;Fujitsu;0;;;;;;;
475;Fukuda;Denshi;0;;;;;;
476;Futura;Mobility;0;;;;;;
477;FUTURENET;0;;;;;;;
478;G4;Health;Systems,;Inc.;0;;;;
479;GAFFEY;Healthcare;0;;;;;;
480;Galen;Healthcare;;0;;;;;
481;GammaTech;Computer;Corporation;0;;;;;
482;GAVS;Technologies;0;;;;;;
483;GBS;Corp.;0;;;;;;
484;GCX;Corporation;0;;;;;;
485;GE;Healthcare;0;;;;;;
486;GEBBS;;0;;;;;;
487;Geneia,;LLC;0;;;;;;
488;General;Dynamics;Health;Solutions;0;;;;
489;Genesis;Systems,;Inc.;0;;;;;
490;Genetec;0;;;;;;;
491;Genpact;;0;;;;;;
492;Getac;0;;;;;;;
493;GetWellNetwork;;0;;;;;;
494;GLENWOOD;GLACE;EMR;0;;;;;
495;Global;Credit;Solutions;AG;0;;;;
496;Global;Recovery;Alliance;AG;0;;;;
497;Globalmed;0;;;;;;;
498;gMed;Inc.;0;;;;;;
499;GRAND;ROUNDS;CRIBNOTES;0;;;;;
500;Grant;Thornton;LLP;0;;;;;
501;Great;Valley;Publishing;0;;;;;
502;Green;House;Data;0;;;;;
503;Greenway;;0;;;;;;
504;Grendel;Games;0;;;;;;
505;Greythorn,;Inc.;0;;;;;;
506;Guard;RFID;Solutions;0;;;;;
507;GuardiCore;0;;;;;;;
508;Halfpenny;Technologies,;Inc.;0;;;;;
509;Halley;Consulting;Group,;The;0;;;;
510;Halogen;Software;;0;;;;;
511;Harbinger;Systems;0;;;;;;
512;Harmony;Healthcare;0;;;;;;
513;Harris;Corporation;0;;;;;;
514;Hawes;Financial;Group;0;;;;;
515;Hayes;Management;Consulting;;0;;;;
516;HBCS;0;;;;;;;
517;HBI;Solutions;0;;;;;;
518;HCA;0;;;;;;;
519;HCCA;Health;Connections;;0;;;;
520;HCFS,;Inc.;0;;;;;;
521;HCI;Group,;The;0;;;;;
522;HCL;;0;;;;;;
523;HCS;0;;;;;;;
524;HCTec;Partners;;0;;;;;
525;HDI;0;;;;;;;
526;Health;Business;Solutions,;Inc.;0;;;;
527;Health;Care;Systems;Inc;0;;;;
528;Health;Catalyst;0;;;;;;
529;Health;Connect;Partners;0;;;;;
530;Health;Data;Specialists,;LLC;0;;;;
531;Health;Endeavors;0;;;;;;
532;Health;First;0;;;;;;
533;Health;Forum;0;;;;;;
534;HEALTH;MANAGEMENT;SYSTEMS;INC;0;;;;
535;Health;Payment;Systems;0;;;;;
536;Health;Services;Advisory;Group;0;;;;
537;Healthagen;0;;;;;;;
538;Healthasyst;0;;;;;;;
539;HealthCare;Appraisers,;Inc.;0;;;;;
540;Healthcare;Business;Insights;0;;;;;
541;Healthcare;Financial;Resources,;Inc.;0;;;;
542;Healthcare;Insights,;LLC;0;;;;;
543;Healthcare;Outsourcing;Network;0;;;;;
544;Healthcare;Payment;Specialists;0;;;;;
545;Healthcare;Resource;Group;0;;;;;
546;Healthcare;Revenue;Strategies,;LLC;0;;;;
547;HealthCare;Scouts,;Inc.;0;;;;;
548;HealthcareSource;;0;;;;;;
549;HealthCast,;Inc.;0;;;;;;
550;Healthedge;;0;;;;;;
551;HealthExpense;0;;;;;;;
552;Healthfinch;0;;;;;;;
553;HEALTHFUSION;MEDITOUCH;0;;;;;;
554;Healthgrades;0;;;;;;;
555;HealthGrid;0;;;;;;;
556;Healthjump;0;;;;;;;
557;Healthland;0;;;;;;;
558;HealthLevel;0;;;;;;;
559;HealthLoop;0;;;;;;;
560;HealthMEDX;;0;;;;;;
561;HealthMetrics;0;;;;;;;
562;HealthPartners;;0;;;;;;
563;HealthPay24;(Imagevision.net);0;;;;;;
564;HealthPort;;0;;;;;;
565;Healthqx;;0;;;;;;
566;HealthStream;;0;;;;;;
567;Healthwatch;Ltd;0;;;;;;
568;Healthwise,;Inc.;0;;;;;;
569;HealthWyse;;0;;;;;;
570;Hearst;Health;0;;;;;;
571;Hello;Health;Inc.;0;;;;;
572;HELP;Financial;Corporation;0;;;;;
573;Henry;Elliott;&;Company,;Inc.;0;;;
574;Henry;Schein;MicroMD;0;;;;;
575;Hewlett;Packard;Enterprise;0;;;;;
576;Hexaware;;0;;;;;;
577;HGS;0;;;;;;;
578;High;Cotton;0;;;;;;
579;himagine;solutions;0;;;;;;
580;HIMSS;Analytics;0;;;;;;
581;Hinduja;Global;;0;;;;;
582;HipLink;Software;0;;;;;;
583;Hitachi;Data;Systems;0;;;;;
584;HMS;0;;;;;;;
585;Holliday;&;Associates;0;;;;;
586;Hollis;Cobb;Associates,;Inc.;0;;;;
587;Honeywell;0;;;;;;;
588;Hospira,;A;Pfizer;Comapny;0;;;;
589;Hospital;Physician;Partners;0;;;;;
590;Howard;Medical;0;;;;;;
591;HSM;Consulting;0;;;;;;
592;H-Source;0;;;;;;;
593;Human;Arc;0;;;;;;
594;Humana;Inc.;0;;;;;;
595;HumanityCorp;LLC;0;;;;;;
596;Humanscale;0;;;;;;;
597;HUMETRIX;0;;;;;;;
598;Huron;Consulting;Group;0;;;;;
599;Hyland;Software,;Inc.;0;;;;;
600;I.C.;System,;Inc.;0;;;;;
601;i2i;Systems;;0;;;;;
602;Iatric;Systems,;Inc.;0;;;;;
603;IBM;;0;;;;;;
604;IBM;Watson;0;;;;;;
605;Iboss;Cybersecurity;0;;;;;;
606;ICA;;0;;;;;;
607;iCare;0;;;;;;;
608;IGATE;;0;;;;;;
609;IKnowMed;0;;;;;;;
610;IMAT;Solutions;0;;;;;;
611;iMDsoft;;0;;;;;;
612;ImedX,;Inc.;0;;;;;;
613;Impact;Advisors;;0;;;;;
614;Impinj;0;;;;;;;
615;Imprivata;0;;;;;;;
616;IMS,;Inc.;0;;;;;;
617;Inada;USA;0;;;;;;
618;Indegene;0;;;;;;;
619;Indukey;North;America;0;;;;;
620;INetU,;a;ViaWest;Company;0;;;;
621;Infina;Connect;0;;;;;;
622;Infinite;Convergence;0;;;;;;
623;INFINITT;;0;;;;;;
624;Influence;Health;;0;;;;;
625;InfoGard,;a;UL;Company;0;;;;
626;InfoPartners,;Inc.;0;;;;;;
627;Infor;;0;;;;;;
628;INFORIA;CAREGIVER;0;;;;;;
629;Informatica;0;;;;;;;
630;Infosys;;0;;;;;;
631;Ingenious;Med,;Inc.;0;;;;;
632;Ingine;Inc;0;;;;;;
633;Ingram;Micro;0;;;;;;
634;inMediata;0;;;;;;;
635;Innovatient;0;;;;;;;
636;Innovative;Consulting;Group;0;;;;;
637;Inovalon;0;;;;;;;
638;Insight;Direct;USA,;Inc.;0;;;;
639;InstaMed;0;;;;;;;
640;Intehealth;;0;;;;;;
641;Intel;Corporation;0;;;;;;
642;Intelemage;0;;;;;;;
643;Intelerad;Medical;Systems;0;;;;;
644;InteliChart;;0;;;;;;
645;Intelligent;Health;Pavilion;0;;;;;
646;Intelligent;InSites,;Inc.;0;;;;;
647;Interbit;Data;Inc;0;;;;;
648;InterComponentWare,;Inc.;0;;;;;;
649;InterDyn;BMI;0;;;;;;
650;Interpreta;0;;;;;;;
651;InterSystems;Corporation;0;;;;;;
652;Intouch;Health;0;;;;;;
653;Intrigma;Inc;0;;;;;;
654;IntrinsiQ;;0;;;;;;
655;INUVIO,;Inc;0;;;;;;
656;Inworks;0;;;;;;;
657;IO;PRACTICEWARE;0;;;;;;
658;iPatientCare,;Inc.;0;;;;;;
659;Iron;Mountain;0;;;;;;
660;Ironkey;;0;;;;;;
661;iSalus;0;;;;;;;
662;Island;Medical;Management;0;;;;;
663;ISM;OMNI;EHR;0;;;;;
664;ITC;INFOTECH;0;;;;;;
665;ITI;Technology;0;;;;;;
666;iTriage;0;;;;;;;
667;iVEDIX;Inc.;0;;;;;;
668;IWT,;Inc.;0;;;;;;
669;J2;Interactive;;0;;;;;
670;JACO,;Inc.;0;;;;;;
671;Jacobus;;0;;;;;;
672;Jacobus;Consulting,;Inc.;0;;;;;
673;Jama;Software;0;;;;;;
674;JAMF;Software;0;;;;;;
675;Jellyfish;Health;0;;;;;;
676;Jeron;Electronic;Systems,;Inc.;0;;;;
677;Jetico;Inc.;Oy;0;;;;;
678;Jetmobile;Americas;0;;;;;;
679;JETRO;0;;;;;;;
680;Jitterbit;0;;;;;;;
681;Jive;Software;0;;;;;;
682;Johnson;Controls,;Inc.;0;;;;;
683;Jopari;Solutions;0;;;;;;
684;JP;Morgan;0;;;;;;
685;Jvion;;0;;;;;;
686;Kaiser;Permanente;0;;;;;;
687;Kareo;;0;;;;;;
688;Karos;Health;0;;;;;;
689;Kaseya;0;;;;;;;
690;Kaspersky;Lab;0;;;;;;
691;Kaufman,;Hall;&;Associates,;LLC;0;;;
692;Keeper;Security,;Inc.;0;;;;;
693;KeepItSafe;0;;;;;;;
694;KEYCHART;EMR;0;;;;;;
695;Kforce;0;;;;;;;
696;Kinnser;;0;;;;;;
697;Kinnser;Software;0;;;;;;
698;Kirby;Partners,;Inc.;0;;;;;
699;KISI;0;;;;;;;
700;Kno2;0;;;;;;;
701;Koamtac,;Inc.;0;;;;;;
702;Kofax;0;;;;;;;
703;Konica;Minolta;0;;;;;;
704;KORE;Telematics;0;;;;;;
705;KPMG;;0;;;;;;
706;Kronos,;Inc.;0;;;;;;
707;Kryptiq;0;;;;;;;
708;Kurt;Salmon;;0;;;;;
709;Kyruus;0;;;;;;;
710;Kyruus,;Inc;0;;;;;;
711;LabCorp;0;;;;;;;
712;Laitek,;Inc.;0;;;;;;
713;Lancesoft,;Inc.;0;;;;;;
714;LEAD;Technologies,;Inc.;0;;;;;
715;Leafsprout;Technologies;0;;;;;;
716;Legacy;Data;Access;0;;;;;
717;Leidos;Health;;0;;;;;
718;Lenovo;0;;;;;;;
719;LEONARDOMD;0;;;;;;;
720;LetterLogic;0;;;;;;;
721;Level;3;Communications,;Llc;0;;;;
722;LexiCode;;0;;;;;;
723;LexisNexis;0;;;;;;;
724;Lexmark;Healthcare;0;;;;;;
725;Liaison;Healthcare;0;;;;;;
726;Liberty;Solutions,;Inc.;0;;;;;
727;Lifebridge;Health;0;;;;;;
728;lifeIMAGE;;0;;;;;;
729;LifeMed;ID;0;;;;;;
730;Lifemed;ID;Inc.;0;;;;;
731;Lifepoint;Informatics;0;;;;;;
732;LifeScience;Technologies,;LLC;0;;;;;
733;Lightbeam;Health;Solutions;0;;;;;
734;Lightning;Bolt;Solutions;0;;;;;
735;Lingualinx;0;;;;;;;
736;Linguamatics;0;;;;;;;
737;Litmos;Healthcare;0;;;;;;
738;LiveVox,;Inc.;0;;;;;;
739;Livongo;Health;0;;;;;;
740;LMRPManager,;LLC;0;;;;;;
741;Lockheed;Martin;0;;;;;;
742;Logi;Analytics;0;;;;;;
743;Logic;Healthcare;0;;;;;;
744;Logicalis;0;;;;;;;
745;LOGICARE;0;;;;;;;
746;LogicNets;0;;;;;;;
747;Logicstream;Health,;Inc.;0;;;;;
748;Logitech;Inc.;0;;;;;;
749;LogixHealth;0;;;;;;;
750;Loricca,;Inc.;0;;;;;;
751;LSS;DATA;0;;;;;;
752;LUMEDX;;0;;;;;;
753;Lumeris;0;;;;;;;
754;Lumira,;Inc.;0;;;;;;
755;Lund;Industries,;Inc.;0;;;;;
756;Lynx;Broadband;0;;;;;;
757;M*Modal;;0;;;;;;
758;M3;Solutions;Technologies;Inc;0;;;;
759;MACPRACTICE;0;;;;;;;
760;Macro;Helix;;0;;;;;
761;ManTech;International;Corporation;0;;;;;
762;Marconet,;Inc;0;;;;;;
763;MarkLogic;0;;;;;;;
764;Marshfield;Clinic;Information;Services;0;;;;
765;Masimo;0;;;;;;;
766;MatrixCare;;0;;;;;;
767;MaxMD;0;;;;;;;
768;Maxor;National;Pharmacy;Services,;LLC;0;;;
769;Mayo;Clinic;Health;Solutions;;0;;;
770;Mazik;Global;Inc.;0;;;;;
771;McBee;Associates;Inc.;0;;;;;
772;MCG;-0;part;of;the;Hearst;Health;network;0
773;McGladrey;LLP;0;;;;;;
774;MCIS,;Inc.;0;;;;;;
775;McKesson;;0;;;;;;
776;McKinnis;;0;;;;;;
777;McKinsey;&;Company;0;;;;;
778;MD;Buyline;Inc.;0;;;;;
779;MD;LOGIC;0;;;;;;
780;MD;SYNERGY;PRO;EMER;0;;;;
781;MD;Vision;0;;;;;;
782;MDClone;0;;;;;;;
783;MDI;Solutions;0;;;;;;
784;MDLIVE;0;;;;;;;
785;MDOFFICE;0;;;;;;;
786;MDS;0;;;;;;;
787;MDSave;0;;;;;;;
788;MDsuite;0;;;;;;;
789;MDSYNERGY;PRO;EMR;0;;;;;
790;Mdtoolbox;0;;;;;;;
791;Med;A/Rx;0;;;;;;
792;Med;Advantage;0;;;;;;
793;MED;INFORMATICS;ENGWEBCHART;0;;;;;
794;Medable;0;;;;;;;
795;MedAptus;Inc;0;;;;;;
796;Medassets;0;;;;;;;
797;MedAssist;(Firstsource);;0;;;;;
798;MedAware;0;;;;;;;
799;MedCPU;0;;;;;;;
800;MedCurrent;0;;;;;;;
801;MedData,;Inc.;0;;;;;;
802;MedeAnalytics;0;;;;;;;
803;Medecision,;Inc.;0;;;;;;
804;Medelinked;0;;;;;;;
805;MEDFLOW;0;;;;;;;
806;Medfusion;;0;;;;;;
807;MEDfx;Corporation;0;;;;;;
808;MEDHOST;0;;;;;;;
809;Medical;Device;Logistics;LLC;0;;;;
810;MEDICAL;MASTERMIND;0;;;;;;
811;Medical;Quest,;Inc.;0;;;;;
812;Medical;Reimbursements;of;America,;Inc.;(MRA);0;;
813;Medicalis;Corporation;0;;;;;;
814;MedicalMine;Inc.;0;;;;;;
815;MedicaSoft;0;;;;;;;
816;Medicast;0;;;;;;;
817;MedicFP;0;;;;;;;
818;Medicity,;A;Healthagen;Business;0;;;;
819;Medicomp;Systems,;Inc.;0;;;;;
820;Medicscan;By;Acuant;0;;;;;
821;MEDINFORMATIX;0;;;;;;;
822;MedInformatix;;0;;;;;;
823;MediQuant,;Inc.;0;;;;;;
824;MediRevv;;0;;;;;;
825;MediRevv,;Inc.;0;;;;;;
826;MediSafe;Inc.;0;;;;;;
827;Medisas;0;;;;;;;
828;Medisolv;;0;;;;;;
829;Medisolv,;Inc.;0;;;;;;
830;MEDITAB;IMS;0;;;;;;
831;MEDITECH;0;;;;;;;
832;Medivizor;0;;;;;;;
833;MEDIX;Consulting;0;;;;;;
834;MedKoder,;LLC;0;;;;;;
835;MedMatica;;0;;;;;;
836;MEDNET;EMR4MD;0;;;;;;
837;Medocity;0;;;;;;;
838;MEDPLUS;QUEST;CARE360;0;;;;;
839;MEDSPHERE;OPEN;VISTA;0;;;;;
840;MedStream;0;;;;;;;
841;MedSys;Group;;0;;;;;
842;Medtronic;0;;;;;;;
843;MEDUSA;MEDPRIME;0;;;;;;
844;Medventive;;0;;;;;;
845;MEDWORXS;EVOLUTION;0;;;;;;
846;Medworxx;0;;;;;;;
847;Medxcom;0;;;;;;;
848;Meehealth;Information;Technologies;0;;;;;
849;Megaputer;Intelligence;0;;;;;;
850;Merge,;an;IBM;Company;0;;;;
851;Meridian;Medical;Management;;0;;;;
852;METACARE;0;;;;;;;
853;MHN;Consilink;Group;0;;;;;
854;Micro;Star,;Inc.;0;;;;;
855;MicroAge;0;;;;;;;
856;MICROFOUR;PRACTICESTUDIO;0;;;;;;
857;Microsoft;0;;;;;;;
858;MicroStrategy;;0;;;;;;
859;mihealth;Global;Systems;Inc;0;;;;
860;Millennium;Trust;Company;0;;;;;
861;Mindray;North;America;0;;;;;
862;MiraMed;0;;;;;;;
863;Mirth;0;;;;;;;
864;MITRE;0;;;;;;;
865;moBack;0;;;;;;;
866;Modernizing;Medicine;;0;;;;;
867;Mophie;0;;;;;;;
868;Morgan;Hunter;Healthcare;0;;;;;
869;Mosaica;Partners;0;;;;;;
870;mPulse;Mobile;0;;;;;;
871;MRO;0;;;;;;;
872;MTBC;;0;;;;;;
873;MTBC;CHARTSPRO;0;;;;;;
874;MultiTech;0;;;;;;;
875;NantHealth;;0;;;;;;
876;Nautilus;Medical;0;;;;;;
877;Navicure,;Inc.;0;;;;;;
878;Navigant;Healthcare;Cymetrix;0;;;;;
879;naviHealth;0;;;;;;;
880;NaviNet,;Inc.;0;;;;;;
881;NavisHealth;0;;;;;;;
882;NaviSite;0;;;;;;;
883;NCG;PERFECT;CARE;0;;;;;
884;NCS;Technologies,;Inc.;0;;;;;
885;Nearterm;Corporation;0;;;;;;
886;NEC;America;0;;;;;;
887;NEOMED;EHR;0;;;;;;
888;NET;HEALTH;AGILITY;0;;;;;
889;NetApp;0;;;;;;;
890;NetCentric;Technologies;0;;;;;;
891;Netlocity;0;;;;;;;
892;Netmail;Inc.;0;;;;;;
893;NETSCOUT;0;;;;;;;
894;Netsmart;0;;;;;;;
895;NetSuite;;0;;;;;;
896;Netsurion;0;;;;;;;
897;NewCrop;0;;;;;;;
898;Newmark;Grubb;Knight;Frank;0;;;;
899;Nexlink;Communications;0;;;;;;
900;Next;Wave;Connect;0;;;;;
901;NEXTECH;0;;;;;;;
902;NextGate;;0;;;;;;
903;NextGen;Healthcare;;0;;;;;
904;Nextrials;0;;;;;;;
905;Nexus;Connected;Healthcare;0;;;;;
906;Nexus;Systems;0;;;;;;
907;NHI;Billing;Services;0;;;;;
908;Nielsen;Healthcare;Group;0;;;;;
909;Nimble;Storage;0;;;;;;
910;NIST;0;;;;;;;
911;Noble;Systems;0;;;;;;
912;Nomise;;0;;;;;;
913;NoMoreClipboard.com;0;;;;;;;
914;Noom;Inc.;0;;;;;;
915;Nordic;0;;;;;;;
916;NORTEC;0;;;;;;;
917;North;Highland;0;;;;;;
918;Northrop;Grumman;Corp.;0;;;;;
919;Novacoast;Inc.;0;;;;;;
920;Novant;Health;0;;;;;;
921;Novarad;Corporation;0;;;;;;
922;Novation;LLC;0;;;;;;
923;NTS;0;;;;;;;
924;NTT;DATA,;Inc;0;;;;;
925;Nuance;Communications;0;;;;;;
926;NUESOFT;0;;;;;;;
927;Nutanix;0;;;;;;;
928;Nuvon;;0;;;;;;
929;Nuxiba;Technologies;U.S.A.;0;;;;;
930;nVoq;Inc.;0;;;;;;
931;OA;SYSTEMS;PANACEA;0;;;;;
932;Oblong;Industries;0;;;;;;
933;OBS;Medical;Ltd;0;;;;;
934;OCCAM;0;;;;;;;
935;OCR;Solutions,;Inc.;0;;;;;
936;Odoro;0;;;;;;;
937;Odyssey;Information;Services;0;;;;;
938;OIC;Advance;0;;;;;;
939;Olah;Healthcare;Technology;0;;;;;
940;Oliver;Wyman;Actuarial;Consulting;0;;;;
941;Olympus;America;Inc.;0;;;;;
942;Omnicell,;Inc.;0;;;;;;
943;OmniMD;;0;;;;;;
944;OnBase;by;Hyland;0;;;;;
945;One;Advantage,;LLC;a;Firstsource;Company;0;;
946;Onedx;0;;;;;;;
947;Onelife;Health;0;;;;;;
948;OneMedNet;Corporation;0;;;;;;
949;Onepath;0;;;;;;;
950;Oneview;Healthcare;0;;;;;;
951;OnPlan;Health;0;;;;;;
952;OnRamp;0;;;;;;;
953;Ontario;Systems;Corporation;0;;;;;
954;ONYX;Healthcare,;Inc.;0;;;;;
955;openDoctor;0;;;;;;;
956;openDr;0;;;;;;;
957;OpenMarkets;0;;;;;;;
958;OpenSky;Corporation;0;;;;;;
959;OpenText;0;;;;;;;
960;OpGen;0;;;;;;;
961;Opisoftcare;0;;;;;;;
962;Optimal;Solutions;Group,;LLC;0;;;;
963;Optimum;Healthcare;IT;0;;;;;
964;OPTIMUS;EMR;0;;;;;;
965;Optum;;0;;;;;;
966;Optum360;;0;;;;;;
967;OPTUMINSIGHT;0;;;;;;;
968;Oracle;;0;;;;;;
969;Orchard;Software;0;;;;;;
970;Orchestrate;Healthcare;;0;;;;;
971;Orion;Health;0;;;;;;
972;OSG;Billing;Services;0;;;;;
973;Otter;Products;0;;;;;;
974;Other;;;0;;;;;
975;OVAG;International;0;;;;;;
976;Ovation;Revenue;Cycle;Services;0;;;;
977;Ovum;0;;;;;;;
978;Oxford;Healthcare;IT;;0;;;;
979;OxyHeal;Health;Group;0;;;;;
980;PA;Consulting;Group;0;;;;;
981;PACSHealth;;0;;;;;;
982;Palo;Alto;Networks;;0;;;;
983;Panacea;Healthcare;Solutions,;Inc.;0;;;;
984;Panasonic;;0;;;;;;
985;PAR;Excellence;;0;;;;;
986;Parable;Health;0;;;;;;
987;Paradigm;0;;;;;;;
988;Parallon;Business;Solutions;;0;;;;
989;Park;Place;International;0;;;;;
990;Pascal;Metrics;Inc.;0;;;;;
991;Patient;Point;0;;;;;;
992;Patient;Prompt;0;;;;;;
993;Patient;Safety;&;Quality;Healthcare;0;;;
994;PatientBond,;LLC;0;;;;;;
995;Patientco;0;;;;;;;
996;PatientKeeper,;Inc.;0;;;;;;
997;PatientMatters,;LLC;0;;;;;;
998;Patientpoint;0;;;;;;;
999;PatientRoute;Systems;0;;;;;;
1000;PatientSafe;Solutions;0;;;;;;
1001;patientslikeme;0;;;;;;;
1002;PatientWorks;0;;;;;;;
1003;Paxeramed;Corp;0;;;;;;
1004;Payoda;Inc;0;;;;;;
1005;PaySpan,;Inc.;0;;;;;;
1006;PC;Connection,;Inc.;;0;;;;
1007;PCC;EHR;0;;;;;;
1008;PCI;Group,;Inc.;0;;;;;
1009;Pegasystems;0;;;;;;;
1010;Penn;Credit;Corporation;0;;;;;
1011;PenRad;0;;;;;;;
1012;PEPID,;LLC;0;;;;;;
1013;PeraHealth;0;;;;;;;
1014;Perfect;Phorm;0;;;;;;
1015;PerfectServe;Inc;0;;;;;;
1016;Perficient;Inc.;0;;;;;;
1017;Performance;Logic,;Inc.;0;;;;;
1018;Peripheral;Resources,;Inc.;0;;;;;
1019;Persistent;Systems;0;;;;;;
1020;Persivia;0;;;;;;;
1021;Perspecsys;;0;;;;;;
1022;PFS;Group;0;;;;;;
1023;Pharmright;Corporation;0;;;;;;
1024;Philips;0;;;;;;;
1025;Phononic;0;;;;;;;
1026;Phreesia;;0;;;;;;
1027;Phunware,;Inc.;0;;;;;;
1028;PHYMEDICA;0;;;;;;;
1029;PHYND;Technologies;0;;;;;;
1030;Physician;Network;Advantage;0;;;;;
1031;Physician;Technology;Partners;0;;;;;
1032;Physicians;Practice;0;;;;;;
1033;physIQ;0;;;;;;;
1034;Phytel;0;;;;;;;
1035;Picis;Clinical;Solutions;0;;;;;
1036;PillTracker;Ltd.;0;;;;;;
1037;pingmd,;Inc.;0;;;;;;
1038;Pivot;Design;Group;0;;;;;
1039;Plante;Moran;;0;;;;;
1040;Plantronics;0;;;;;;;
1041;PLATINUM;0;;;;;;;
1042;Plexus;Technology;Group,;LLC;0;;;;
1043;PMMC;0;;;;;;;
1044;PNA;Technologies;0;;;;;;
1045;PNC;Healthcare;0;;;;;;
1046;POINT;&;CLICK;OPENCHART;0;;;;
1047;PointClickCare;;0;;;;;;
1048;PokitDok;0;;;;;;;
1049;Polywell;Computers,;Inc.;0;;;;;
1050;Posiflex;0;;;;;;;
1051;Power-Sonic;Corporation;0;;;;;;
1052;Practical;Data;Solutions;0;;;;;
1053;Practice;Fusion;;0;;;;;
1054;Practice;Insight;;0;;;;;
1055;Practice;Insight,;LLC;0;;;;;
1056;Practice;Velocity;;0;;;;;
1057;PracticeCompass;0;;;;;;;
1058;PRACTICEMAX;0;;;;;;;
1059;PracticeMax,;Inc.;0;;;;;;
1060;Praxify;Technologies,;Inc;0;;;;;
1061;Praxis;0;;;;;;;
1062;Precyse;;0;;;;;;
1063;Predilytics;;0;;;;;;
1064;Premier,;Inc.;0;;;;;;
1065;Presidio;;0;;;;;;
1066;Press;Ganey;0;;;;;;
1067;Prevalent;0;;;;;;;
1068;PricewaterhouseCoopers;LLP;0;;;;;;
1069;Prime;Technology;Group,;Inc.;0;;;;
1070;PrinterLogic;0;;;;;;;
1071;Privacy;Analytics,;Inc.;0;;;;;
1072;PrivateVue.com;0;;;;;;;
1073;ProAssurance;Companies;0;;;;;;
1074;Proclip;USA;0;;;;;;
1075;ProCred;Provider;Enrollment/Credentialing.;A;division;of;PBC,;Inc.;0
1076;Prodigo;Solutions;0;;;;;;
1077;Professional;Finance;Company,;Inc.;0;;;;
1078;Proficio,;Inc;0;;;;;;
1079;ProfitStars;0;;;;;;;
1080;Progeny;Systems;Corp;0;;;;;
1081;PROGNOSIS;CHARTACCESS;0;;;;;;
1082;Progressive;Management;Systems;0;;;;;
1083;Prominence;;0;;;;;;
1084;ProofPoint;;0;;;;;;
1085;Propeller;Health;0;;;;;;
1086;Protiviti;Inc.;0;;;;;;
1087;Proximity;Systems,;Inc.;0;;;;;
1088;PULSE;0;;;;;;;
1089;Pulse;Systems,;Inc.;0;;;;;
1090;PureStorage;;0;;;;;;
1091;Pursuit;Healthcare;Advisors;0;;;;;
1092;PUSH;Wellness;Solutions,;Inc.;0;;;;
1093;Pyramid;Healthcare;Solutions,;Inc.;0;;;;
1094;Qlik;;0;;;;;;
1095;QPID;Health;Inc.;0;;;;;
1096;QSI;NEXTGEN;0;;;;;;
1097;QTS;0;;;;;;;
1098;Quadmed,;LLC;0;;;;;;
1099;QuadraMed;Corporation;0;;;;;;
1100;Qualcomm;Life,;Inc.;and;Capsule;Tech;0;;
1101;Qualifacts;;0;;;;;;
1102;QualiTest;Group;0;;;;;;
1103;Quammen;Health;Care;Consultants;0;;;;
1104;Quantant;Technology;Inc.;0;;;;;
1105;Quest;Care360;Medplus;;0;;;;
1106;Quest;Chartmaxx;;0;;;;;
1107;Quest;Diagnostics;0;;;;;;
1108;Questica;0;;;;;;;
1109;Quintiles;0;;;;;;;
1110;Qvera;0;;;;;;;
1111;Radius;Global;Solutions;0;;;;;
1112;RADMAX;0;;;;;;;
1113;RadNet;;0;;;;;;
1114;RAINTREE;SYSTEMS;0;;;;;;
1115;Ram;Mounting;Systems;0;;;;;
1116;RamSoft,;Inc.;0;;;;;;
1117;Ranj;Serious;Games;0;;;;;
1118;Rapid;Healthcare;Inc.;0;;;;;
1119;Rational;Surgical;Solutions;0;;;;;
1120;RAZORINSIGHTS;0;;;;;;;
1121;RCM;Enterprise;Services;0;;;;;
1122;RDX;0;;;;;;;
1123;Real;Enterprise;Synergy;;0;;;;
1124;Receivia/NRS;0;;;;;;;
1125;Recondo;Technology;;0;;;;;
1126;RedBrick;Health;0;;;;;;
1127;Redox;Engine;0;;;;;;
1128;Redspin,;an;Auxilio;Company;0;;;;
1129;Reese;Consulting;Group;0;;;;;
1130;Rehab;Care;Group;Inc.;0;;;;
1131;Reimbursement;Services;Group,;Inc.;0;;;;
1132;RelayHealth;;0;;;;;;
1133;RELI;MED;0;;;;;;
1134;RemitDATA,;Inc.;0;;;;;;
1135;RES;Software;0;;;;;;
1136;Resource;Corporation;of;America;0;;;;
1137;Revation;Systems;0;;;;;;
1138;RevClaims;0;;;;;;;
1139;Revenue;Masters;0;;;;;;
1140;RevSpring,;Inc.;0;;;;;;
1141;RF;IDeas;0;;;;;;
1142;RICOH;USA;0;;;;;;
1143;Rightcare;Solutions,;Inc;0;;;;;
1144;RightPatient®;0;;;;;;;
1145;RingCentral,;Inc;0;;;;;;
1146;Rise;Health;0;;;;;;
1147;Riskrecon;0;;;;;;;
1148;Rivet;Logic;0;;;;;;
1149;Robert;Half;Technology;0;;;;;
1150;Roche;Diagnostics;0;;;;;;
1151;RR;Donnelley;0;;;;;;
1152;RSource;Healthcare;0;;;;;;
1153;Rubbermaid;Healthcare;0;;;;;;
1154;Runnertech;0;;;;;;;
1155;RxREVU,;Inc.;0;;;;;;
1156;RXSAFE,;LLC;0;;;;;;
1157;Rycan;0;;;;;;;
1158;SA;Ignite;0;;;;;;
1159;Sagacious;Consultants;0;;;;;;
1160;SAI;Global;Compliance;0;;;;;
1161;SAIC;0;;;;;;;
1162;Salar,;Inc.;0;;;;;;
1163;Salesforce;0;;;;;;;
1164;Salucro;0;;;;;;;
1165;Samsung;Electronics;0;;;;;;
1166;Sandlot;Solutions;0;;;;;;
1167;Sansoro;Health;0;;;;;;
1168;Santa;Cruz;HIE;0;;;;;
1169;Santa;Rosa;Consulting,;Inc.;0;;;;
1170;SAP;;0;;;;;;
1171;SAS;Institute,;Inc.;0;;;;;
1172;Savance;Health;0;;;;;;
1173;SCC;Soft;Computer;0;;;;;
1174;Schlage;Biometrics;0;;;;;;
1175;SCI;Solutions;;0;;;;;
1176;Science;Applications;International;Corporation;(SAIC);0;;;
1177;ScienceLogic;0;;;;;;;
1178;SCIO;Health;Analytics;0;;;;;
1179;Scrypt,;Inc.;0;;;;;;
1180;Seagate;0;;;;;;;
1181;Seal;Shield;0;;;;;;
1182;Sectra;0;;;;;;;
1183;Secure;Care;Products;0;;;;;
1184;Secure;Data;Ltd;0;;;;;
1185;Secure;Exchange;Solutions;0;;;;;
1186;SecureAuth;0;;;;;;;
1187;Securelink;0;;;;;;;
1188;Securenetmd,;LLC;0;;;;;;
1189;Securitymetrics;0;;;;;;;
1190;Securonix;0;;;;;;;
1191;Self;Health;Network;0;;;;;
1192;Sensible;Medical;Innovations;Ltd.;0;;;;
1193;Sensium;Healthcare,;Inc.;0;;;;;
1194;Sentrian,;Inc.;0;;;;;;
1195;Sentry;Data;Systems,;Inc.;0;;;;
1196;SEP;Software;Corp.;0;;;;;
1197;SEQUELMED;0;;;;;;;
1198;SEVOCITY;0;;;;;;;
1199;SHAMS;GROUP;0;;;;;;
1200;Shasta;Networks;0;;;;;;
1201;Sheridan;Healthcare,;Inc.;0;;;;;
1202;SHERLOQ;Solutions;0;;;;;;
1203;ShiftWise™;0;;;;;;;
1204;Siemens;;0;;;;;;
1205;Sigmacare;0;;;;;;;
1206;Signet;Accel,;LLC;0;;;;;
1207;Signotec;GmbH;0;;;;;;
1208;Silvervue;0;;;;;;;
1209;Simplee;0;;;;;;;
1210;SIMPLIFYMD;0;;;;;;;
1211;Singlewire;Software;0;;;;;;
1212;Sisoft;Healthcare;Information;Systems;0;;;;
1213;SK&A;0;;;;;;;
1214;Skylight;;0;;;;;;
1215;Skytron;0;;;;;;;
1216;Slabb;Kiosks;0;;;;;;
1217;Sláinte;Healthcare;0;;;;;;
1218;SLI;Global;Solutions;0;;;;;
1219;Smart;Source;Services;-0;Integrated;Patient;Communications;0;
1220;SmartBrief,;Inc.;0;;;;;;
1221;Smartlink;Mobile;Systems;0;;;;;
1222;Smartlinx;Solutions;0;;;;;;
1223;Smiths;Medical;0;;;;;;
1224;SnapMD;0;;;;;;;
1225;Snow;Software,;Inc;0;;;;;
1226;Snowbound;Software;0;;;;;;
1227;Snowflake;0;;;;;;;
1228;SOAPware;;0;;;;;;
1229;Socius;Marketing;0;;;;;;
1230;Softek;Solutions;Inc.;0;;;;;
1231;Softheon,;Inc;0;;;;;;
1232;SoftServe;0;;;;;;;
1233;Softwareone;0;;;;;;;
1234;Sonexis;Technology,;Inc.;0;;;;;
1235;SONIFI;Health;0;;;;;;
1236;Sonitor;Technologies,;Inc.;0;;;;;
1237;Sony;Electronics;Inc.;0;;;;;
1238;Sotera;Wireless;0;;;;;;
1239;SOURCE,;Inc.;0;;;;;;
1240;SourceHOV;0;;;;;;;
1241;SourceMedical;;0;;;;;;
1242;Spacelabs;Healthcare;0;;;;;;
1243;Spadafy;0;;;;;;;
1244;Sparksoft;0;;;;;;;
1245;Special;Care;Unit;0;;;;;
1246;Spectralink;Corporation;0;;;;;;
1247;SpectraMedix;0;;;;;;;
1248;Spectrum;Medical,;Inc.;0;;;;;
1249;SPH;Analytics;;0;;;;;
1250;SPI;Global;;0;;;;;
1251;Splash;Box;Marketing;0;;;;;
1252;Splunk;0;;;;;;;
1253;Spok,;Inc.;0;;;;;;
1254;SPRING;MEDICAL;SPRING;CHARTS;0;;;;
1255;SRG;Technology;0;;;;;;
1256;SRI;International;0;;;;;;
1257;SRSsoft;0;;;;;;;
1258;SSI;Group;;0;;;;;
1259;Standard;Register;0;;;;;;
1260;Stanley;Healthcare;0;;;;;;
1261;Stanson;Health;LLC;0;;;;;
1262;Stark;Medical;Auditing;0;;;;;
1263;STAR-MED;STAR-TRAC;0;;;;;;
1264;Stat;Imaging;Solutions;0;;;;;
1265;State;Collection;Service,;Inc.;0;;;;
1266;StayWell;0;;;;;;;
1267;Stella;Technology;0;;;;;;
1268;Stericycle;0;;;;;;;
1269;Stibo;Systems;Inc.;0;;;;;
1270;Stoltenberg;Consulting,;Inc.;0;;;;;
1271;Stoneleigh;Recovery;Associates,;LLC;0;;;;
1272;Stormpath;0;;;;;;;
1273;Strata;Decision;Technology;0;;;;;
1274;Stratasys,;Inc.;0;;;;;;
1275;Strategic;Information;Technology;Ltd.;0;;;;
1276;Strategy;Companion;0;;;;;;
1277;Stratice;Healthcare;0;;;;;;
1278;Stratus;EMR;0;;;;;;
1279;Streamline;Health;0;;;;;;
1280;Strongarm;Design,;Inc.;0;;;;;
1281;SUCCESS;EHR;0;;;;;;
1282;SUITEMED;0;;;;;;;
1283;Summit;Healthcare;0;;;;;;
1284;Sunbelt;Medical;International;0;;;;;
1285;Sungard;Availability;Services;0;;;;;
1286;Sunquest;Information;Systems,;Inc.;0;;;;
1287;SunStone;Consulting,;LLC;0;;;;;
1288;Surescripts;;0;;;;;;
1289;Surgical;Information;Systems;(SIS);;0;;;
1290;Sutherland;;0;;;;;;
1291;Swervepay;Health;0;;;;;;
1292;Swishdata;Corp.;0;;;;;;
1293;SwyMed;0;;;;;;;
1294;Syapse;0;;;;;;;
1295;Symantec;Corporation;0;;;;;;
1296;Synergy;BIS;0;;;;;;
1297;Synsormed;0;;;;;;;
1298;Syntel;0;;;;;;;
1299;Sysorex;0;;;;;;;
1300;Tableau;Software;0;;;;;;
1301;Tafi;0;;;;;;;
1302;Talis;Clinical;0;;;;;;
1303;Talix;0;;;;;;;
1304;Talksoft;Corporation;0;;;;;;
1305;Talyst;0;;;;;;;
1306;Tangent;Computer,;Inc;0;;;;;
1307;Tangible;Solutions,;Inc.;0;;;;;
1308;Tapgenes;0;;;;;;;
1309;TargetRecruit;0;;;;;;;
1310;TASKE;Technology;0;;;;;;
1311;TATA;Consultancy;Services;0;;;;;
1312;TCI;0;;;;;;;
1313;TeamHealth;0;;;;;;;
1314;Tech;Mahindra;0;;;;;;
1315;TECSYS,;Inc.;0;;;;;;
1316;Teguar;Corporation;0;;;;;;
1317;Teksoft;Ventures,;Inc.;0;;;;;
1318;TEKsystems;;0;;;;;;
1319;Telecom;Brokers;0;;;;;;
1320;TeleHealth;Services;0;;;;;;
1321;TeleMessage;0;;;;;;;
1322;TeleTracking;Technologies;0;;;;;;
1323;Televox;Software;0;;;;;;
1324;Tellennium;0;;;;;;;
1325;Telliant;Systems;0;;;;;;
1326;TelmedIQ;0;;;;;;;
1327;TELUS;;0;;;;;;
1328;Tente;Casters,;Inc.;0;;;;;
1329;Teradata;0;;;;;;;
1330;TeraRecon;0;;;;;;;
1331;TG3;Electronics;0;;;;;;
1332;The;CCS;Companies;0;;;;;
1333;The;Coding;Network,;LLC;0;;;;
1334;The;HCI;Group;0;;;;;
1335;The;Hutton;Group,;Inc.;0;;;;
1336;The;Oncology;Group;0;;;;;
1337;The;PFM;Group;0;;;;;
1338;The;ROI;Companies;0;;;;;
1339;The;WFC;Group;0;;;;;
1340;Thoughtwire;Corp;0;;;;;;
1341;TIBCO;Software,;Inc.;0;;;;;
1342;TigerText;;0;;;;;;
1343;TMG;Health;;0;;;;;
1344;Tonic;Health;0;;;;;;
1345;Toshiba;;0;;;;;;
1346;Total;Healthcare;Excellence;LLC;0;;;;
1347;Transcend;Insights;0;;;;;;
1348;TransFirst;0;;;;;;;
1349;TransUnion;Healthcare;;0;;;;;
1350;Transworld;Systems,;Inc.;0;;;;;
1351;Trapx;Security;0;;;;;;
1352;Trend;Micro;Inc;0;;;;;
1353;TRICAST;0;;;;;;;
1354;Trion,;a;Marsh;&;McLennan;Agency;0;;
1355;Triple;Tree;0;;;;;;
1356;Tripwire;0;;;;;;;
1357;Trizetto;0;;;;;;;
1358;TruBridge;0;;;;;;;
1359;True;Sync;Media;0;;;;;
1360;Trustwave;0;;;;;;;
1361;Truven;Health;;0;;;;;
1362;Tryten;0;;;;;;;
1363;T-System;;0;;;;;;
1364;Two;Point;0;;;;;;
1365;Tyto;Care;Ltd;0;;;;;
1366;Unify,;Inc.;0;;;;;;
1367;United;Audit;Systems,;Inc.;-0;UASI;0;;
1368;United;Healthcare;;0;;;;;
1369;Universal;Fidelity;LP;0;;;;;
1370;Universal;Patient;Key;Inc.;0;;;;
1371;Updox;0;;;;;;;
1372;VALANT;0;;;;;;;
1373;Valek;&;Company;0;;;;;
1374;Valence;Health;0;;;;;;
1375;Valera;Health;0;;;;;;
1376;Validic;0;;;;;;;
1377;Valify;0;;;;;;;
1378;Valinsky;Consulting;0;;;;;;
1379;Varian;Medical;Systems;0;;;;;
1380;Vasco;Data;Security;0;;;;;
1381;Vecna;Technologies,;Inc.;0;;;;;
1382;Vee;Technologies;USA;0;;;;;
1383;Veeam;Software;0;;;;;;
1384;Velocity;Technology;Solutions,;Inc.;0;;;;
1385;Verato;0;;;;;;;
1386;VeriFacts,;Inc.;0;;;;;;
1387;Verisk;Health;;0;;;;;
1388;Verisma;Systems,;Inc.;0;;;;;
1389;Veritas;0;;;;;;;
1390;VeritySource;0;;;;;;;
1391;Verizon;0;;;;;;;
1392;VERSASUITE;0;;;;;;;
1393;Versus;Technology,;Inc.;0;;;;;
1394;VHA;Inc.;0;;;;;;
1395;VHC,;Inc.;0;;;;;;
1396;Vidant;Health;0;;;;;;
1397;VigiLanz;0;;;;;;;
1398;Vioguard,;LLC;0;;;;;;
1399;VIPA;HEALTH;SMART;EMR;0;;;;
1400;Virtelligence;;0;;;;;;
1401;Virtual;Corporation;0;;;;;;
1402;Virtue;Security;LLC;0;;;;;
1403;Virtusa;;0;;;;;;
1404;Visa;Inc.;0;;;;;;
1405;Viscosity;North;America;0;;;;;
1406;VisionWare;0;;;;;;;
1407;VisiQuate;0;;;;;;;
1408;VisiQuate;Inc;0;;;;;;
1409;Visualize;Health;0;;;;;;
1410;Vital;0;;;;;;;
1411;Vitality;Group;0;;;;;;
1412;VitalWare;0;;;;;;;
1413;Vitaphone;;0;;;;;;
1414;Viterion;Corporation;0;;;;;;
1415;VitreosHealth;0;;;;;;;
1416;Viverae;0;;;;;;;
1417;Vivify;Health;0;;;;;;
1418;Vivor;0;;;;;;;
1419;Viztek;0;;;;;;;
1420;VMware;;0;;;;;;
1421;Vocera;Communications,;Inc.;0;;;;;
1422;vRad;(Virtual;Radiologic);0;;;;;
1423;Vree;Health;-0;Subsidiary;of;Merck;&;Co.;0
1424;Vynca;Advance;Care;Planning;0;;;;
1425;Wachter;0;;;;;;;
1426;Wacom;Technology;0;;;;;;
1427;WAITING;ROOM;SOLUTIONS;0;;;;;
1428;Walgreens;0;;;;;;;
1429;Walkme;0;;;;;;;
1430;Ward/Kraft,;Inc.;0;;;;;;
1431;WaveWare;Technologies,;Inc;0;;;;;
1432;Waypoint;0;;;;;;;
1433;Webair;0;;;;;;;
1434;WEBEDOCTOR;0;;;;;;;
1435;WebMD;0;;;;;;;
1436;Websense;0;;;;;;;
1437;Welch;Allyn;0;;;;;;
1438;Wellcentive;;0;;;;;;
1439;Wellness;Human;Care;Consortium;0;;;;
1440;Wellness;Layers,;Inc.;0;;;;;
1441;WellnessCodes;0;;;;;;;
1442;Wellpepper,;Inc.;0;;;;;;
1443;Wellsoft;Corporation;0;;;;;;
1444;West;0;;;;;;;
1445;William;Blair;&;Company;0;;;;
1446;WinguMD;0;;;;;;;
1447;WinMagic;Inc;0;;;;;;
1448;Winthrop;Resources;Corporation;0;;;;;
1449;Wipro;;0;;;;;;
1450;WiserCare,;Inc.;0;;;;;;
1451;WITS(MD),;LLC;0;;;;;;
1452;Witt/Kieffer;0;;;;;;;
1453;WNS;;0;;;;;;
1454;Wolters;Kluwer;;0;;;;;
1455;Workday;0;;;;;;;
1456;WorkForce;Software;0;;;;;;
1457;Worldpay;0;;;;;;;
1458;Woundvision,;LLC;0;;;;;;
1459;Wytal;0;;;;;;;
1460;Xamin;0;;;;;;;
1461;Xbosoft;0;;;;;;;
1462;Xerox;;0;;;;;;
1463;xG;Health;;0;;;;;
1464;XIFIN,;Inc.;0;;;;;;
1465;X-Link;Medical;Software;Interfacing;0;;;;
1466;XSolis;0;;;;;;;
1467;Xtend;Healthcare;0;;;;;;
1468;Xybix;Systems;Inc;0;;;;;
1469;YGM;Group;0;;;;;;
1470;Yorktel;0;;;;;;;
1471;YourCareUniverse;0;;;;;;;
1472;YouScript;by;Genelex;0;;;;;
1473;Zayo;Group;0;;;;;;
1474;Zebra;Technologies;0;;;;;;
1475;Zebu;Compliance;Solutions;0;;;;;
1476;Zen;Healthcare;IT;0;;;;;
1477;ZeOmega;0;;;;;;;
1478;Zerto;0;;;;;;;
1479;Zhealth;Documentation,;LLC;0;;;;;
1480;Ziegler;0;;;;;;;
1481;ZirMed;;0;;;;;;
1482;Zobreus;Medical;Corporation;0;;;;;
1483;Zoll;Medical;Corporation;0;;;;;
1484;Zones,;Inc.;0;;;;;;
1485;Zoom;0;;;;;;;
1486;Zotec;Partners;0;;;;;;
1487;zPaper;0;;;;;;;
1488;Zynx;0;;;;;;;
